model,seed,window_size,runtime,delay,precision,recall,specificity,f1-score,auc,false alarm rate,miss rate,gain,fold
LogisticCV,0.0,3,0.20503050277398627,4.454545454545454,0.8421052631578947,0.7272727272727273,0.999998863617424,0.7804878048780488,0.8636357954450756,0.4090875000284089,0.8181750000568178,0.000999994507529987,1
RandomForest,0.0,3,0.1985509900224339,0.045454545454545456,0.8,0.9090909090909091,0.9999981060290398,0.851063829787234,0.9545445075599744,0.6818125000473482,0.27272500001893923,0.0009999964014851639,1
ExtraTrees,0.0,3,0.20062837520144872,0.9090909090909091,0.9090909090909091,0.9090909090909091,0.999999242411616,0.9090909090909091,0.9545450757512626,0.27272500001893923,0.27272500001893923,0.0009999977272537877,1
Rocket,0.0,3,4.023338063895289,0.5454545454545454,0.3333333333333333,0.8181818181818182,0.9999863634090871,0.47368421052631576,0.9090840907954527,4.9090500003409065,0.5454500000378785,0.0009999813129755878,1
Catch22,0.0,3,6.329435647735124,0.7727272727272727,0.7142857142857143,0.9090909090909091,0.9999969696464638,0.8,0.9545439393686864,1.090900000075757,0.27272500001893923,0.00099999507571654,1
QUANT,0.0,3,2.3578663151030677,0.7727272727272727,0.8333333333333334,0.9090909090909091,0.999998484823232,0.8695652173913043,0.9545446969570706,0.5454500000378785,0.27272500001893923,0.0009999968434080387,1
Ensemble-All,,3,0.0035544134055574736,0.9545454545454546,0.8695652173913043,0.9090909090909091,0.999998863617424,0.8888888888888888,0.9545448863541666,0.4090875000284089,0.27272500001893923,0.0009999972853309133,1
Ensemble-tabular,,3,0.004886452419062455,4.636363636363637,0.9411764705882353,0.7272727272727273,0.999999621205808,0.8205128205128205,0.8636361742392676,0.13636250000946962,0.8181750000568178,0.0009999953913757363,1
Ensemble-ts,,3,0.006598683074116707,1.9090909090909092,0.6923076923076923,0.8181818181818182,0.9999969696464638,0.75,0.909089393914141,1.090900000075757,0.5454500000378785,0.000999993686816077,1
LogisticCV,0.0,3,0.0731737336085099,4.588529411764705,0.896551724137931,0.7647058823529411,0.9999992646936272,0.8253968253968254,0.8823525735232842,0.2647036764889704,0.7058764706372544,0.0009999955473485155,2
RandomForest,0.0,3,0.11770282392592657,3.9120588235294114,0.7878787878787878,0.7647058823529411,0.9999982842851303,0.7761194029850746,0.8823520833190357,0.6176419118075976,0.7058764706372544,0.0009999944035481343,2
ExtraTrees,0.0,3,0.16854054583347847,4.559117647058823,0.8928571428571429,0.7352941176470589,0.9999992646936272,0.8064516129032258,0.8676466911703431,0.2647036764889704,0.7941110294669113,0.0009999950979983658,2
Rocket,0.0,3,3.893181611956039,0.24999999999999978,0.44776119402985076,0.8823529411764706,0.9999909312214027,0.594059405940594,0.9411719361989366,3.2646786766973017,0.3529382353186272,0.0009999876224458734,2
Catch22,0.0,3,8.170036761257723,2.769705882352941,0.8235294117647058,0.8235294117647058,0.9999985293872545,0.8235294117647058,0.9117639705759801,0.5294073529779408,0.5294073529779408,0.0009999955881985292,2
QUANT,0.0,3,2.3195092715049173,-0.34911764705882353,0.8461538461538461,0.9705882352941176,0.9999985293872545,0.9041095890410958,0.9852933823406861,0.5294073529779408,0.0882345588296568,0.0009999978349492782,2
Ensemble-All,,3,0.005300772686799367,1.464705882352941,0.8571428571428571,0.8823529411764706,0.9999987744893788,0.8695652173913043,0.9411758578329247,0.44117279414828403,0.3529382353186272,0.000999996772848924,2
Ensemble-tabular,,3,0.008158350363373756,4.412058823529412,0.896551724137931,0.7647058823529411,0.9999992646936272,0.8253968253968254,0.8823525735232842,0.2647036764889704,0.7058764706372544,0.0009999955473485155,2
Ensemble-ts,,3,0.010782158623139063,0.9264705882352942,0.7380952380952381,0.9117647058823529,0.9999973038766332,0.8157894736842105,0.955881004879493,0.9705801471262249,0.2647036764889704,0.0009999955064985018,2
LogisticCV,0.0,3,0.07775074133338566,1.3333333333333333,0.6153846153846154,0.8888888888888888,0.9999953702932086,0.7272727272727273,0.9444421295910488,1.6666527778935176,0.3333305555787035,0.000999992901175411,3
RandomForest,0.0,3,0.11986526631375294,1.3333333333333333,0.4444444444444444,0.8888888888888888,0.9999907405864171,0.5925925925925926,0.9444398147376529,3.3333055557870352,0.3333305555787035,0.0009999874998958326,3
ExtraTrees,0.0,3,0.124128508193783,1.3333333333333333,0.6666666666666666,0.8888888888888888,0.9999962962345669,0.7619047619047619,0.9444425925617279,1.333322222314814,0.3333305555787035,0.0009999939814313266,3
Rocket,0.0,3,4.185361996375837,1.3333333333333333,0.42105263157894735,0.8888888888888888,0.9999898146450589,0.5714285714285714,0.9444393517669738,3.666636111365739,0.3333305555787035,0.0009999864196399168,3
Catch22,0.0,3,5.164910473461079,8.11111111111111,0.22727272727272727,0.5555555555555556,0.9999842589969092,0.3225806451612903,0.7777699072762324,5.66661944483796,1.333322222314814,0.0009999748454693914,3
QUANT,0.0,3,2.1415490042792436,1.3333333333333333,0.7272727272727273,0.8888888888888888,0.9999972221759251,0.8,0.944443055532407,0.9999916667361105,0.3333305555787035,0.0009999950616872426,3
Ensemble-All,,3,0.001444140759607156,1.3333333333333333,0.8888888888888888,0.8888888888888888,0.9999990740586417,0.8888888888888888,0.9444439814737653,0.3333305555787035,0.3333305555787035,0.000999997222199074,3
Ensemble-tabular,,3,0.0026629045605659485,1.3333333333333333,0.8,0.8888888888888888,0.9999981481172834,0.8421052631578947,0.9444435185030862,0.666661111157407,0.3333305555787035,0.0009999961419431584,3
Ensemble-ts,,3,0.003585115075111389,1.3333333333333333,0.5333333333333333,0.8888888888888888,0.999993518410492,0.6666666666666666,0.9444412036496904,2.3333138890509244,0.3333305555787035,0.0009999907406635796,3
LogisticCV,0.0,3,0.0749379112077142,4.6,0.8461538461538461,0.7333333333333333,0.99999888887037,0.7857142857142857,0.8666661111018517,0.3999966666944442,0.7999933333888885,0.0009999946295848763,4
RandomForest,0.0,3,0.1287828415876211,4.604666666666666,0.5789473684210527,0.7333333333333333,0.9999955554814802,0.6470588235294118,0.8666644444074068,1.599986666777777,0.7999933333888885,0.0009999907406635796,4
ExtraTrees,0.0,3,0.1229442841496015,6.0,0.7142857142857143,0.6666666666666666,0.9999977777407402,0.6896551724137931,0.8333322222037034,0.7999933333888885,0.9999916667361106,0.000999992314750771,4
Rocket,0.0,3,3.8994884047776845,-3.5953333333333335,0.48148148148148145,0.8666666666666667,0.9999922220925904,0.6190476190476191,0.9333294443796285,2.79997666686111,0.3999966666944442,0.0009999888887962955,4
Catch22,0.0,3,4.935846919929028,0.6713333333333333,0.5714285714285714,0.8,0.9999949999166653,0.6666666666666666,0.8999974999583327,1.799985000124999,0.5999950000416664,0.0009999911110370363,4
QUANT,0.0,3,2.952683665117475,1.8046666666666666,0.7222222222222222,0.8666666666666667,0.9999972221759251,0.7878787878787878,0.933331944421296,0.9999916667361106,0.3999966666944442,0.0009999947221782403,4
Ensemble-All,,3,0.002451261350264152,1.8713333333333333,0.8125,0.8666666666666667,0.9999983333055551,0.8387096774193549,0.9333324999861109,0.5999950000416664,0.3999966666944442,0.000999996018485339,4
Ensemble-tabular,,3,0.004047908199330171,4.6,0.7333333333333333,0.7333333333333333,0.9999977777407402,0.7333333333333333,0.8666655555370367,0.7999933333888885,0.7999933333888885,0.0009999933332777774,4
Ensemble-ts,,3,0.004874492374559243,-0.662,0.6842105263157895,0.8666666666666667,0.9999966666111102,0.7647058823529411,0.9333316666388884,1.1999900000833328,0.3999966666944442,0.0009999940740246908,4
LogisticCV,0.0,3,0.07530578829794977,7.5675675675675675,0.7857142857142857,0.5945945945945946,0.9999986413440368,0.676923076923077,0.7972966179693157,0.4891038530514646,1.2227596326286616,0.0009999921877936653,5
RandomForest,0.0,3,0.11543361261127799,5.089729729729729,0.65,0.7027027027027027,0.9999968298027526,0.6753246753246753,0.8513497662527276,1.1412423237867508,0.8966903972610184,0.0009999917349121387,5
ExtraTrees,0.0,3,0.11988568542795847,5.702702702702703,0.8064516129032258,0.6756756756756757,0.9999986413440368,0.7352941176470589,0.8378371585098563,0.4891038530514646,0.9782077061029292,0.0009999934332178637,5
Rocket,0.0,3,3.8879697195601866,0.8413513513513514,0.47058823529411764,0.8648648648648649,0.9999918480642209,0.6095238095238096,0.9324283564645429,2.9346231183087874,0.4075865442095538,0.0009999884137809432,5
Catch22,0.0,3,4.946502502829013,2.744864864864865,0.5087719298245614,0.7837837837837838,0.9999936596055052,0.6170212765957447,0.8918887216946445,2.2824846475735017,0.6521384707352861,0.0009999892818038693,5
QUANT,0.0,3,2.3784226864594022,3.3732432432432433,0.8285714285714286,0.7837837837837838,0.9999986413440368,0.8055555555555556,0.8918912125639102,0.4891038530514646,0.6521384707352861,0.0009999950937834613,5
Ensemble-All,,3,0.0055715893395245075,4.143783783783784,0.7567567567567568,0.7567567567567568,0.9999979620160553,0.7567567567567568,0.878377359386406,0.7336557795771969,0.7336557795771969,0.0009999938860993903,5
Ensemble-tabular,,3,0.008596020440260569,6.324324324324325,0.7741935483870968,0.6486486486486487,0.9999984149013763,0.7058823529411765,0.8243235317750125,0.5706211618933754,1.05972501494484,0.0009999927538955737,5
Ensemble-ts,,3,0.01309022307395935,3.1927027027027024,0.5370370370370371,0.7837837837837838,0.9999943389334868,0.6373626373626373,0.8918890613586352,2.037932721047769,0.6521384707352861,0.000999990074346541,5
LogisticCV,0.0,5,0.2125139841833272,2.1818181818181817,0.8181818181818182,0.8181818181818182,0.9999984847979781,0.8181818181818182,0.9090901514898981,0.5454500000378785,0.5454500000378785,0.0009999954544318154,1
RandomForest,0.0,5,0.26862930279020986,0.045454545454545456,0.8333333333333334,0.9090909090909091,0.9999984847979781,0.8695652173913043,0.9545446969444435,0.5454500000378785,0.27272500001893923,0.0009999968433554273,1
ExtraTrees,0.0,5,0.27015805887899674,-0.045454545454545456,0.9130434782608695,0.9545454545454546,0.9999992423989891,0.9333333333333333,0.9772723484722219,0.27272500001893923,0.13636250000946962,0.0009999984216777136,1
Rocket,0.0,5,5.928610214621927,1.3636363636363635,0.2903225806451613,0.8181818181818182,0.9999833327777593,0.42857142857142855,0.9090825754797888,5.999950000416663,0.5454500000378785,0.0009999777772222082,1
Catch22,0.0,5,10.369323796745672,1.6818181818181819,0.6785714285714286,0.8636363636363636,0.9999965907954508,0.76,0.9318164772159072,1.2272625000852266,0.4090875000284089,0.0009999939392424204,1
QUANT,0.0,5,3.1852851382537035,0.7727272727272727,0.8,0.9090909090909091,0.9999981059974726,0.851063829787234,0.9545445075441908,0.6818125000473482,0.27272500001893923,0.000999996401425187,1
Ensemble-All,,5,0.003955425228923559,0.9090909090909091,0.8333333333333334,0.9090909090909091,0.9999984847979781,0.8695652173913043,0.9545446969444435,0.5454500000378785,0.27272500001893923,0.0009999968433554273,1
Ensemble-tabular,,5,0.007043530233204365,-0.13636363636363635,0.9130434782608695,0.9545454545454546,0.9999992423989891,0.9333333333333333,0.9772723484722219,0.27272500001893923,0.13636250000946962,0.0009999984216777136,1
Ensemble-ts,,5,0.008470944128930569,0.7272727272727273,0.6333333333333333,0.8636363636363636,0.9999958331944399,0.7307692307692307,0.9318160984154018,1.4999875001041658,0.4090875000284089,0.00099999305538194,1
LogisticCV,0.0,5,0.0985084767474302,4.588529411764705,0.896551724137931,0.7647058823529411,0.9999992646813717,0.8253968253968254,0.8823525735171565,0.2647036764889704,0.7058764706372544,0.0009999955472743027,2
RandomForest,0.0,5,0.24307185156753625,2.6276470588235297,0.8,0.8235294117647058,0.999998284256534,0.8115942028985508,0.9117638480106199,0.6176419118075976,0.5294073529779408,0.000999995302170136,2
ExtraTrees,0.0,5,0.13129695234478095,4.500294117647059,0.8928571428571429,0.7352941176470589,0.9999992646813717,0.8064516129032258,0.8676466911642153,0.2647036764889704,0.7941110294669113,0.0009999950979166635,2
Rocket,0.0,5,5.878606477991587,0.014705882352941176,0.45454545454545453,0.8823529411764706,0.9999911761764608,0.6,0.9411720586764657,3.176444117867645,0.3529382353186272,0.000999987908194437,2
Catch22,0.0,5,8.560487874593795,2.209705882352941,0.8529411764705882,0.8529411764705882,0.9999987744689529,0.8529411764705882,0.9264699754697705,0.44117279414828403,0.44117279414828403,0.0009999963234374977,2
QUANT,0.0,5,3.50190340341228,0.7294117647058823,0.8157894736842105,0.9117647058823529,0.999998284256534,0.8611111111111112,0.9558814950694434,0.6176419118075976,0.2647036764889704,0.0009999966502430536,2
Ensemble-All,,5,0.007491975246618192,1.5002941176470586,0.9090909090909091,0.8823529411764706,0.9999992646813717,0.8955223880597015,0.9411761029289212,0.2647036764889704,0.3529382353186272,0.0009999973447048594,2
Ensemble-tabular,,5,0.00915616781761249,4.412058823529412,0.896551724137931,0.7647058823529411,0.9999992646813717,0.8253968253968254,0.8823525735171565,0.2647036764889704,0.7058764706372544,0.0009999955472743027,2
Ensemble-ts,,5,0.012829123064875603,-0.45588235294117646,0.7111111111111111,0.9411764705882353,0.9999968136192775,0.810126582278481,0.9705866421037563,1.1470492647855384,0.1764691176593136,0.000999995383871525,2
LogisticCV,0.0,5,0.09402311526983839,-0.5555555555555556,0.5714285714285714,0.8888888888888888,0.9999944442592531,0.6956521739130435,0.9444416665740709,1.999983333472221,0.3333305555787035,0.000999991820783174,3
RandomForest,0.0,5,0.1362402918385556,1.3333333333333333,0.4444444444444444,0.8888888888888888,0.9999907404320885,0.5925925925925926,0.9444398146604887,3.3333055557870352,0.3333305555787035,0.0009999874996874923,3
ExtraTrees,0.0,5,0.1374389974831581,-2.5555555555555554,0.6153846153846154,0.8888888888888888,0.9999953702160442,0.7272727272727273,0.9444421295524665,1.6666527778935176,0.3333305555787035,0.0009999929010570945,3
Rocket,0.0,5,5.8416590612805095,-1.8888888888888888,0.47368421052631576,1.0,0.9999907404320885,0.6428571428571429,0.9999953702160442,3.3333055557870352,0.0,0.0009999891972607955,3
Catch22,0.0,5,12.28669775695493,8.333333333333334,0.2631578947368421,0.5555555555555556,0.9999870366049238,0.35714285714285715,0.7777712960802396,4.666627778101849,1.333322222314814,0.0009999780858719,3
QUANT,0.0,5,2.933486802617958,1.3333333333333333,0.8,0.8888888888888888,0.9999981480864177,0.8421052631578947,0.9444435184876533,0.666661111157407,0.3333305555787035,0.0009999961418788558,3
Ensemble-All,,5,0.0017982957263787587,-1.0,0.8181818181818182,1.0,0.9999981480864177,0.9,0.9999990740432089,0.666661111157407,0.0,0.0009999978394521591,3
Ensemble-tabular,,5,0.0030089917903145156,1.3333333333333333,0.8,0.8888888888888888,0.9999981480864177,0.8421052631578947,0.9444435184876533,0.666661111157407,0.3333305555787035,0.0009999961418788558,3
Ensemble-ts,,5,0.004330735343197982,-1.7777777777777777,0.5625,1.0,0.999993518302462,0.72,0.999996759151231,2.3333138890509244,0.0,0.0009999924380825569,3
LogisticCV,0.0,5,0.09449933033734051,3.1333333333333333,0.8,0.8,0.9999983332777759,0.8,0.899999166638888,0.5999950000416664,0.5999950000416664,0.000999994999874997,4
RandomForest,0.0,5,0.13444271903508065,4.604666666666666,0.6470588235294118,0.7333333333333333,0.9999966665555519,0.6875,0.8666649999444426,1.1999900000833328,0.7999933333888885,0.000999992036837958,4
ExtraTrees,0.0,5,0.13684211712922142,4.6,0.6470588235294118,0.7333333333333333,0.9999966665555519,0.6875,0.8666649999444426,1.1999900000833328,0.7999933333888885,0.000999992036837958,4
Rocket,0.0,5,5.818703958564425,-2.1286666666666667,0.4482758620689655,0.8666666666666667,0.999991110814805,0.5909090909090909,0.9333288887407358,3.199973333555554,0.3999966666944442,0.0009999875922823995,4
Catch22,0.0,5,7.614439320683544,0.738,0.7058823529411765,0.8,0.9999972221296265,0.75,0.8999986110648133,0.9999916667361106,0.5999950000416664,0.0009999937035462924,4
QUANT,0.0,5,3.0216808971134683,1.6046666666666667,0.7647058823529411,0.8666666666666667,0.9999977777037012,0.8125,0.933332222185184,0.7999933333888885,0.3999966666944442,0.0009999953702546267,4
Ensemble-All,,5,0.0027951678882042565,1.738,0.7647058823529411,0.8666666666666667,0.9999977777037012,0.8125,0.933332222185184,0.7999933333888885,0.3999966666944442,0.0009999953702546267,4
Ensemble-tabular,,5,0.004547522092858951,4.6,0.7333333333333333,0.7333333333333333,0.9999977777037012,0.7333333333333333,0.8666655555185172,0.7999933333888885,0.7999933333888885,0.0009999933331666625,4
Ensemble-ts,,5,0.0059599994371334715,-1.3286666666666667,0.6666666666666666,0.9333333333333333,0.9999961109814771,0.7777777777777778,0.9666647221574052,1.399988333430555,0.1999983333472221,0.0009999944443055521,4
LogisticCV,0.0,5,0.09648418012265876,7.054054054054054,0.71875,0.6216216216216216,0.9999979619819047,0.6666666666666666,0.8108097918017632,0.7336557795771969,1.1412423237867508,0.0009999918102551607,5
RandomForest,0.0,5,0.13062628531319262,5.468108108108108,0.6097560975609756,0.6756756756756757,0.9999963768567194,0.6410256410256411,0.8378360262661975,1.3042769414705722,0.9782077061029292,0.0009999907912546506,5
ExtraTrees,0.0,5,0.1335193601564549,5.054054054054054,0.7878787878787878,0.7027027027027027,0.9999984148748148,0.7428571428571429,0.8513505587887588,0.5706211618933754,0.8966903972610184,0.000999993584070863,5
Rocket,0.0,5,5.961576592859588,0.5016216216216217,0.40789473684210525,0.8378378378378378,0.9999898099095234,0.5486725663716814,0.9189138238736806,3.6682788978859846,0.4891038530514646,0.0009999856207705817,5
Catch22,0.0,5,11.307452982858361,3.4475675675675674,0.49122807017543857,0.7567567567567568,0.999993433052804,0.5957446808510638,0.8783750949047804,2.364001956415412,0.7336557795771969,0.0009999886022905924,5
QUANT,0.0,5,3.062577989174785,3.5083783783783784,0.8529411764705882,0.7837837837837838,0.9999988677677248,0.8169014084507042,0.8918913257757544,0.4075865442095538,0.6521384707352861,0.0009999953578865657,5
Ensemble-All,,5,0.006539524843295415,3.522162162162162,0.725,0.7837837837837838,0.9999975090889945,0.7532467532467533,0.8918906464363892,0.8966903972610184,0.6521384707352861,0.0009999937727746613,5
Ensemble-tabular,,5,0.00980755469451348,6.27027027027027,0.75,0.6486486486486487,0.9999981884283597,0.6956521739130435,0.8243234185385042,0.6521384707352861,1.05972501494484,0.0009999924895888342,5
Ensemble-ts,,5,0.015880891121923923,1.5608108108108107,0.5,0.8108108108108109,0.9999932066063488,0.6185567010309279,0.9054020087085799,2.445519265257323,0.5706211618933754,0.000999989168401987,5
LogisticCV,0.0,7,0.2853439314778781,0.5454545454545454,0.7916666666666666,0.8636363636363636,0.9999981059659043,0.8260869565217391,0.931817234801134,0.6818125000473482,0.4090875000284089,0.0009999957068918275,1
RandomForest,0.0,7,0.338682328949712,0.045454545454545456,0.7142857142857143,0.9090909090909091,0.9999969695454469,0.8,0.954543939318178,1.090900000075757,0.27272500001893923,0.0009999950755523903,1
ExtraTrees,0.0,7,0.3393863803715092,-0.045454545454545456,0.9130434782608695,0.9545454545454546,0.9999992423863617,0.9333333333333333,0.9772723484659082,0.27272500001893923,0.13636250000946962,0.0009999984216514071,1
Rocket,0.0,7,8.256335434518416,-1.2272727272727273,0.3225806451612903,0.9090909090909091,0.9999840901135966,0.47619047619047616,0.9545374996022529,5.727225000397724,0.27272500001893923,0.000999980049673787,1
Catch22,0.0,7,13.577651266479641,1.1363636363636365,0.6333333333333333,0.8636363636363636,0.9999958331249896,0.7307692307692307,0.9318160983806767,1.4999875001041658,0.4090875000284089,0.0009999930552661916,1
QUANT,0.0,7,4.57495576029335,-0.18181818181818182,0.75,0.9545454545454546,0.9999973483522661,0.84,0.9772714014488604,0.9545375000662873,0.13636250000946962,0.0009999962119633774,1
Ensemble-All,,7,0.004294013604521751,0.9545454545454546,0.8,0.9090909090909091,0.9999981059659043,0.851063829787234,0.9545445075284067,0.6818125000473482,0.27272500001893923,0.0009999964013652084,1
Ensemble-tabular,,7,0.006635446101427078,1.7727272727272727,0.95,0.8636363636363636,0.9999996211931809,0.9047619047619048,0.9318179924147723,0.13636250000946962,0.4090875000284089,0.0009999974746422516,1
Ensemble-ts,,7,0.009876804426312447,0.9545454545454546,0.5588235294117647,0.8636363636363636,0.9999943178977131,0.6785714285714286,0.9318153407670384,2.0454375001420444,0.4090875000284089,0.0009999912875157677,1
LogisticCV,0.0,7,0.11152356839837589,3.8238235294117646,0.8709677419354839,0.7941176470588235,0.9999990195588211,0.8307692307692308,0.8970583333088222,0.3529382353186272,0.6176419118075976,0.000999995710605589,2
RandomForest,0.0,7,0.14586917314644432,3.7649999999999997,0.7647058823529411,0.7647058823529411,0.9999980391176422,0.7647058823529411,0.8823519607352917,0.7058764706372544,0.7058764706372544,0.0009999941174019505,2
ExtraTrees,0.0,7,0.1435495783838918,5.000294117647059,0.8928571428571429,0.7352941176470589,0.9999992646691158,0.8064516129032258,0.8676466911580873,0.2647036764889704,0.7941110294669113,0.0009999950978349587,2
Rocket,0.0,7,7.8328967666679645,1.1323529411764706,0.4142857142857143,0.8529411764705882,0.9999899504779161,0.5576923076923077,0.9264655634742521,3.617616912015929,0.44117279414828403,0.0009999860288296327,2
Catch22,0.0,7,10.495814577641424,1.4449999999999998,0.6976744186046512,0.8823529411764706,0.9999968135661685,0.7792207792207793,0.9411748773713196,1.1470492647855384,0.3529382353186272,0.0009999944850643287,2
QUANT,0.0,7,4.6127560788367745,0.35676470588235293,0.8378378378378378,0.9117647058823529,0.9999985293382316,0.8732394366197183,0.9558816176102922,0.5294073529779408,0.2647036764889704,0.0009999969361468492,2
Ensemble-All,,7,0.006451776406417291,0.8176470588235293,0.8648648648648649,0.9411764705882353,0.9999987744485264,0.9014084507042254,0.9705876225183808,0.44117279414828403,0.1764691176593136,0.0009999976714716054,2
Ensemble-tabular,,7,0.010393521748483181,3.353235294117647,0.875,0.8235294117647058,0.9999990195588211,0.8484848484848485,0.9117642156617635,0.3529382353186272,0.5294073529779408,0.0009999961599707178,2
Ensemble-ts,,7,0.01525513082742691,-0.39705882352941174,0.5849056603773585,0.9117647058823529,0.9999946075735159,0.7126436781609196,0.9558796567279344,1.9411602942524497,0.2647036764889704,0.0009999923607928109,2
LogisticCV,0.0,7,0.11595545495619224,-0.5555555555555556,0.6666666666666666,0.8888888888888888,0.9999962961111019,0.7619047619047619,0.9444425924999953,1.333322222314814,0.3333305555787035,0.0009999939812306994,3
RandomForest,0.0,7,0.1506627296236697,1.3333333333333333,0.5333333333333333,0.8888888888888888,0.9999935181944283,0.6666666666666666,0.9444412035416585,2.3333138890509244,0.3333305555787035,0.0009999907403549222,3
ExtraTrees,0.0,7,0.14983489423375088,3.6666666666666665,0.5833333333333334,0.7777777777777778,0.9999953701388773,0.6666666666666666,0.8888865739583276,1.6666527778935176,0.666661111157407,0.000999991203337176,3
Rocket,0.0,7,8.040871325967734,-3.0,0.47368421052631576,1.0,0.9999907402777546,0.6428571428571429,0.9999953701388773,3.3333055557870352,0.0,0.0009999891970807425,3
Catch22,0.0,7,15.120029060490635,10.666666666666666,0.21052631578947367,0.4444444444444444,0.999986110416632,0.2857142857142857,0.7222152774305381,4.999958333680553,1.6666527778935176,0.0009999753076131257,3
QUANT,0.0,7,4.0498753658762645,1.3333333333333333,0.7272727272727273,0.8888888888888888,0.9999972220833264,0.8,0.9444430554861076,0.9999916667361105,0.3333305555787035,0.0009999950615226252,3
Ensemble-All,,7,0.0019136043265461922,-1.0,0.8181818181818182,1.0,0.9999981480555509,0.9,0.9999990740277754,0.666661111157407,0.0,0.0009999978394161487,3
Ensemble-tabular,,7,0.0034535384426514306,-1.0,0.8181818181818182,1.0,0.9999981480555509,0.9,0.9999990740277754,0.666661111157407,0.0,0.0009999978394161487,3
Ensemble-ts,,7,0.004766829001406829,0.2222222222222222,0.47058823529411764,0.8888888888888888,0.9999916662499791,0.6153846153846154,0.944440277569434,2.9999750002083316,0.3333305555787035,0.0009999885797710708,3
LogisticCV,0.0,7,0.11365292464047716,2.6666666666666665,0.7058823529411765,0.8,0.9999972220833264,0.75,0.8999986110416632,0.9999916667361106,0.5999950000416664,0.000999993703441347,4
RandomForest,0.0,7,0.14903156277137358,3.2046666666666668,0.631578947368421,0.8,0.999996110916657,0.7058823529411765,0.8999980554583284,1.399988333430555,0.5999950000416664,0.0009999924070910361,4
ExtraTrees,0.0,7,0.14969740733219314,6.0,0.5882352941176471,0.6666666666666666,0.999996110916657,0.625,0.8333313887916618,1.399988333430555,0.9999916667361106,0.000999990369969119,4
Rocket,0.0,7,7.745989914000405,-1.9953333333333334,0.46153846153846156,0.8,0.9999922218333139,0.5853658536585366,0.899996110916657,2.79997666686111,0.5999950000416664,0.0009999878698649482,4
Catch22,0.0,7,13.365807810900282,4.537999999999999,0.7692307692307693,0.6666666666666666,0.9999983332499959,0.7142857142857143,0.8333324999583313,0.5999950000416664,0.9999916667361106,0.000999992962669741,4
QUANT,0.0,7,4.134107418120013,2.938,0.8,0.8,0.9999983332499959,0.8,0.899999166624998,0.5999950000416664,0.5999950000416664,0.000999994999791658,4
Ensemble-All,,7,0.0028085814168055854,3.2046666666666668,0.75,0.8,0.9999977776666611,0.7741935483870968,0.8999988888333306,0.7999933333888885,0.5999950000416664,0.0009999943516165026,4
Ensemble-tabular,,7,0.005527762696146965,3.1333333333333333,0.6666666666666666,0.8,0.9999966664999916,0.7272727272727273,0.8999983332499959,1.1999900000833328,0.5999950000416664,0.0009999930552661916,4
Ensemble-ts,,7,0.006457259568075339,-4.062,0.5909090909090909,0.8666666666666667,0.9999949997499875,0.7027027027027027,0.9333308332083271,1.799985000124999,0.3999966666944442,0.0009999921293016838,4
LogisticCV,0.0,7,0.11654455314064723,5.72972972972973,0.6410256410256411,0.6756756756756757,0.9999968296965046,0.6578947368421053,0.8378362526860901,1.1412423237867508,0.9782077061029292,0.0009999913194798271,5
RandomForest,0.0,7,0.1993622622004338,2.2518918918918915,0.6666666666666666,0.7567567567567568,0.9999968296965046,0.7088607594936709,0.8783767932266306,1.1412423237867508,0.7336557795771969,0.000999992564945765,5
ExtraTrees,0.0,7,0.14817361140228424,4.243243243243243,0.78125,0.6756756756756757,0.9999984148482522,0.7246376811594203,0.8378370452619639,0.5706211618933754,0.9782077061029292,0.0009999931688080377,5
Rocket,0.0,7,7.957045917338216,-2.331081081081081,0.3614457831325301,0.8108108108108109,0.9999879981367673,0.5,0.9053994044737891,4.32041736862127,0.5706211618933754,0.0009999830918563588,5
Catch22,0.0,7,11.308885157780445,-0.7956756756756757,0.4583333333333333,0.8918918918918919,0.9999911684402628,0.6055045871559633,0.9459415301660774,3.17917504483452,0.32606923536764304,0.000999988035978718,5
QUANT,0.0,7,4.337823854824787,0.9494594594594595,0.775,0.8378378378378378,0.9999979619477529,0.8051948051948052,0.9189178998927954,0.7336557795771969,0.4891038530514646,0.0009999951313604248,5
Ensemble-All,,7,0.007289955237259467,1.5491891891891891,0.7142857142857143,0.8108108108108109,0.9999972825970039,0.759493670886076,0.9054040467039074,0.9782077061029292,0.5706211618933754,0.000999993923635879,5
Ensemble-tabular,,7,0.011519295163452625,4.675675675675675,0.75,0.7297297297297297,0.9999979619477529,0.7397260273972602,0.8648638458387413,0.7336557795771969,0.8151730884191076,0.0009999934707391742,5
Ensemble-ts,,7,0.018554432317614555,-1.7364864864864864,0.47692307692307695,0.8378378378378378,0.9999923006915111,0.6078431372549019,0.9189150692646745,2.771588500624966,0.4891038530514646,0.0009999885266168147,5
LogisticCV,0.0,10,0.4796999634969898,2.3181818181818183,0.85,0.7727272727272727,0.99999886355113,0.8095238095238095,0.8863630681392014,0.4090875000284089,0.6818125000473482,0.0009999952017003154,1
RandomForest,0.0,10,0.44934754449269343,0.4090909090909091,0.75,0.9545454545454546,0.99999734828597,0.84,0.9772714014157122,0.9545375000662873,0.13636250000946962,0.0009999962118686701,1
ExtraTrees,0.0,10,0.44059675246225466,-1.0,0.9166666666666666,1.0,0.99999924236742,0.9565217391304348,0.99999962118371,0.27272500001893923,0.0,0.0009999991161026896,1
Rocket,0.0,10,11.440861161740063,-0.9090909090909091,0.3220338983050847,0.8636363636363636,0.9999848473483997,0.4691358024691358,0.9318106054923816,5.454500000378785,0.4090875000284089,0.000999980238581562,1
Catch22,0.0,10,19.02913984855536,-0.09090909090909091,0.5714285714285714,0.9090909090909091,0.9999943177556498,0.7017543859649122,0.9545426134232795,2.0454375001420444,0.27272500001893923,0.000999991981788685,1
QUANT,0.0,10,5.293346495168108,1.1363636363636365,0.7777777777777778,0.9545454545454546,0.99999772710226,0.8571428571428571,0.9772715908238573,0.8181750000568178,0.13636250000946962,0.000999996653817325,1
Ensemble-All,,10,0.004664058952281873,0.8636363636363636,0.8,0.9090909090909091,0.99999810591855,0.851063829787234,0.9545445075047295,0.6818125000473482,0.27272500001893923,0.0009999964012752365,1
Ensemble-tabular,,10,0.007539740142722924,1.7727272727272727,0.9047619047619048,0.8636363636363636,0.99999924236742,0.8837209302325582,0.9318178030018918,0.27272500001893923,0.4090875000284089,0.000999997032630458,1
Ensemble-ts,,10,0.010968968893090883,2.772727272727273,0.5428571428571428,0.8636363636363636,0.9999939389393598,0.6666666666666666,0.9318151512878617,2.181800000151514,0.4090875000284089,0.0009999908453492859,1
LogisticCV,0.0,10,0.14927268687235729,3.4120588235294114,0.84375,0.7941176470588235,0.9999987744178853,0.8181818181818182,0.8970582107383545,0.44117279414828403,0.6176419118075976,0.00099999542453157,2
RandomForest,0.0,10,0.16937681540513466,3.706176470588235,0.8387096774193549,0.7647058823529411,0.9999987744178853,0.8,0.8823523283854132,0.44117279414828403,0.7058764706372544,0.0009999949751552065,2
ExtraTrees,0.0,10,0.16580559196846403,3.706176470588235,0.8666666666666667,0.7647058823529411,0.9999990195343083,0.8125,0.8823524509436247,0.3529382353186272,0.7058764706372544,0.0009999952611219835,2
Rocket,0.0,10,10.88291412635711,-1.1126470588235293,0.4375,0.8235294117647058,0.999991175808774,0.5714285714285714,0.91176029378674,3.176444117867645,0.5294073529779408,0.0009999870089378508,2
Catch22,0.0,10,15.434689668782726,1.838235294117647,0.6976744186046512,0.8823529411764706,0.9999968134865017,0.7792207792207793,0.9411748773314861,1.1470492647855384,0.3529382353186272,0.0009999944849264461,2
QUANT,0.0,10,5.100766443644474,0.9744117647058822,0.8108108108108109,0.8823529411764706,0.9999982841850393,0.8450704225352113,0.9411756126807549,0.6176419118075976,0.3529382353186272,0.0009999962007271072,2
Ensemble-All,,10,0.006709896493703127,1.3470588235294116,0.8857142857142857,0.9117647058823529,0.9999990195343083,0.8985507246376812,0.9558818627083305,0.3529382353186272,0.2647036764889704,0.0009999975080038017,2
Ensemble-tabular,,10,0.011011291916171709,3.7355882352941174,0.8709677419354839,0.7941176470588235,0.9999990195343083,0.8307692307692308,0.8970583332965658,0.3529382353186272,0.6176419118075976,0.000999995710498347,2
Ensemble-ts,,10,0.016036507673561573,1.828529411764706,0.5490196078431373,0.8235294117647058,0.9999943623222722,0.6588235294117647,0.911761887043489,2.0293948530821067,0.5294073529779408,0.00099999072650595,2
LogisticCV,0.0,10,0.14829180906694214,-0.7777777777777778,0.5714285714285714,0.8888888888888888,0.9999944440277465,0.6956521739130435,0.9444416664583177,1.999983333472221,0.3333305555787035,0.0009999918204423505,3
RandomForest,0.0,10,0.17242928147593578,1.3333333333333333,0.5333333333333333,0.8888888888888888,0.9999935180323709,0.6666666666666666,0.9444412034606299,2.3333138890509244,0.3333305555787035,0.0009999907401234155,3
ExtraTrees,0.0,10,0.17195531812069428,3.6666666666666665,0.7,0.7777777777777778,0.9999972220138733,0.7368421052631579,0.8888874998958256,0.9999916667361105,0.666661111157407,0.0009999933637551144,3
Rocket,0.0,10,11.001993481462222,-4.666666666666667,0.5625,1.0,0.9999935180323709,0.72,0.9999967590161855,2.3333138890509244,0.0,0.000999992437767456,3
Catch22,0.0,10,14.499910373756462,5.222222222222222,0.35294117647058826,0.6666666666666666,0.9999898140508686,0.46153846153846156,0.8333282403587676,3.666636111365739,0.9999916667361105,0.0009999830235595953,3
QUANT,0.0,10,5.574474416537838,1.3333333333333333,0.8,0.8888888888888888,0.9999981480092488,0.8421052631578947,0.9444435184490688,0.666661111157407,0.3333305555787035,0.00099999614171809,3
Ensemble-All,,10,0.001920912725230058,-1.8888888888888888,0.9,1.0,0.9999990740046244,0.9473684210526315,0.9999995370023123,0.3333305555787035,0.0,0.000999998919681065,3
Ensemble-tabular,,10,0.0037212281798322997,1.3333333333333333,0.7272727272727273,0.8888888888888888,0.9999972220138733,0.8,0.9444430554513811,0.9999916667361105,0.3333305555787035,0.0009999950613991551,3
Ensemble-ts,,10,0.0037022018805146217,-1.0,0.7272727272727273,0.8888888888888888,0.9999972220138733,0.8,0.9444430554513811,0.9999916667361105,0.3333305555787035,0.0009999950613991551,3
LogisticCV,0.0,10,0.14134620391869182,2.7333333333333334,0.7058823529411765,0.8,0.9999972220138733,0.75,0.8999986110069367,0.9999916667361106,0.5999950000416664,0.0009999937032839227,4
RandomForest,0.0,10,0.16966784337127053,1.8666666666666667,0.6111111111111112,0.7333333333333333,0.9999961108194225,0.6666666666666666,0.8666647220763779,1.399988333430555,0.7999933333888885,0.0009999913883147766,4
ExtraTrees,0.0,10,0.16674022007153033,6.0,0.6666666666666666,0.6666666666666666,0.9999972220138733,0.6666666666666666,0.83333194434027,0.9999916667361106,0.9999916667361106,0.000999991666111074,4
Rocket,0.0,10,10.847309767707028,-5.928666666666667,0.48148148148148145,0.8666666666666667,0.9999922216388452,0.6190476190476191,0.933329444152756,2.79997666686111,0.3999966666944442,0.0009999888881480987,4
Catch22,0.0,10,13.292825710471373,0.2046666666666667,0.7368421052631579,0.9333333333333333,0.9999972220138733,0.8235294117647058,0.9666652776736033,0.9999916667361106,0.1999983333472221,0.0009999957404567713,4
QUANT,0.0,10,4.744291506209291,1.4713333333333334,0.8666666666666667,0.8666666666666667,0.9999988888055493,0.8666666666666667,0.933332777736108,0.3999966666944442,0.3999966666944442,0.0009999966664444295,4
Ensemble-All,,10,0.003008689576139053,3.0713333333333335,0.75,0.8,0.9999977776110986,0.7741935483870968,0.8999988888055493,0.7999933333888885,0.5999950000416664,0.0009999943514752835,4
Ensemble-tabular,,10,0.006020509637892246,3.1333333333333333,0.6666666666666666,0.8,0.9999966664166479,0.7272727272727273,0.8999983332083239,1.1999900000833328,0.5999950000416664,0.0009999930550925618,4
Ensemble-ts,,10,0.006789750109116237,-3.5286666666666666,0.6190476190476191,0.8666666666666667,0.9999955552221972,0.7222222222222222,0.933331110944432,1.599986666777777,0.3999966666944442,0.0009999927772962641,4
LogisticCV,0.0,10,0.13726686377315483,6.945945945945946,0.5238095238095238,0.5945945945945946,0.9999954708811627,0.5569620253164557,0.7972950327378787,1.6303461768382153,1.2227596326286616,0.0009999884885860746,5
RandomForest,0.0,10,0.16327940438763483,1.603243243243243,0.6041666666666666,0.7837837837837838,0.9999956973371046,0.6823529411764706,0.8918897405604442,1.5488288679963045,0.6521384707352861,0.0009999916589426964,5
ExtraTrees,0.0,10,0.16532797263908586,3.891891891891892,0.7352941176470589,0.6756756756756757,0.9999979618965232,0.704225352112676,0.8378368187860994,0.7336557795771969,0.9782077061029292,0.0009999926402435558,5
Rocket,0.0,10,10.848134122131073,-3.0337837837837838,0.4166666666666667,0.8108108108108109,0.9999904888504417,0.5504587155963303,0.9054006498306263,3.423726971360252,0.5706211618933754,0.0009999859975915858,5
Catch22,0.0,10,17.46199259085637,0.7448648648648649,0.4492753623188406,0.8378378378378378,0.9999913946742092,0.5849056603773585,0.9189146162560236,3.097657735992609,0.4891038530514646,0.0009999874695428746,5
QUANT,0.0,10,5.249609485567494,0.9494594594594595,0.7209302325581395,0.8378378378378378,0.9999972825286977,0.775,0.9189175601832678,0.9782077061029292,0.4891038530514646,0.000999994338648889,5
Ensemble-All,,10,0.0072557951013247175,1.414054054054054,0.7435897435897436,0.7837837837837838,0.9999977354405813,0.7631578947368421,0.8918907596121826,0.8151730884191076,0.6521384707352861,0.000999994036710163,5
Ensemble-tabular,,10,0.012659485762317976,4.702702702702703,0.7027027027027027,0.7027027027027027,0.9999975089846395,0.7027027027027027,0.8513501058436711,0.8966903972610184,0.8966903972610184,0.0009999925270165336,5
Ensemble-ts,,10,0.01958116578559081,-1.6824324324324325,0.484375,0.8378378378378378,0.9999925269539185,0.6138613861386139,0.9189151823958781,2.6900711917830553,0.4891038530514646,0.0009999887905248004,5
LogisticCV,0.0,15,0.5730121538027027,1.4545454545454546,0.8095238095238095,0.7727272727272727,0.9999984846716965,0.7906976744186046,0.8863628786994846,0.5454500000378785,0.6818125000473482,0.000999994759533293,1
RandomForest,0.0,15,0.6162098988821867,-0.8181818181818182,0.7777777777777778,0.9545454545454546,0.9999977270075449,0.8571428571428571,0.9772715907764997,0.8181750000568178,0.13636250000946962,0.0009999966536778856,1
ExtraTrees,0.0,15,0.6070254415198506,-0.045454545454545456,0.875,0.9545454545454546,0.9999988635037724,0.9130434782608695,0.9772721590246135,0.4090875000284089,0.13636250000946962,0.0009999979795791009,1
Rocket,0.0,15,15.876860146060459,-6.363636363636363,0.3225806451612903,0.9090909090909091,0.9999840890528138,0.47619047619047616,0.9545374990718614,5.727225000397724,0.27272500001893923,0.0009999800483436211,1
Catch22,0.0,15,24.793039689461217,-3.272727272727273,0.5,0.9090909090909091,0.9999924233584827,0.6451612903225806,0.9545416662246959,2.7272500001893927,0.27272500001893923,0.0009999897716191982,1
QUANT,0.0,15,6.588388307394812,1.1363636363636365,0.7241379310344828,0.9545454545454546,0.9999969693433931,0.8235294117647058,0.9772712119444238,1.090900000075757,0.13636250000946962,0.0009999957697437423,1
Ensemble-All,,15,0.005339307400087516,-0.3181818181818182,0.8076923076923077,0.9545454545454546,0.9999981058396207,0.875,0.9772717801925377,0.6818125000473482,0.13636250000946962,0.0009999970956449573,1
Ensemble-tabular,,15,0.008878447736303011,0.8181818181818182,0.8695652173913043,0.9090909090909091,0.9999988635037724,0.8888888888888888,0.9545448862973407,0.4090875000284089,0.27272500001893923,0.000999997285059417,1
Ensemble-ts,,15,0.013509576519330343,-6.136363636363637,0.5384615384615384,0.9545454545454546,0.9999931810226345,0.6885245901639344,0.9772693177840446,2.4545250001704533,0.13636250000946962,0.0009999913500730255,1
LogisticCV,0.0,15,0.1778415978341327,6.441470588235294,0.8518518518518519,0.6764705882352942,0.9999990194934507,0.7540983606557377,0.8382348038643724,0.3529382353186272,0.9705801471262249,0.0009999939127392397,2
RandomForest,0.0,15,0.20258649364887604,3.5588235294117645,0.8666666666666667,0.7647058823529411,0.9999990194934507,0.8125,0.8823524509231959,0.3529382353186272,0.7058764706372544,0.0009999952609245088,2
ExtraTrees,0.0,15,0.1974108667911034,3.6767647058823525,0.896551724137931,0.7647058823529411,0.999999264620088,0.8253968253968254,0.8823525734865145,0.2647036764889704,0.7058764706372544,0.000999995546903202,2
Rocket,0.0,15,15.800495986211558,-0.3479411764705884,0.3880597014925373,0.7647058823529411,0.9999899498078697,0.5148514851485149,0.8823479160804054,3.617616912015929,0.7058764706372544,0.0009999846797128513,2
Catch22,0.0,15,22.018424496531377,-0.4791176470588235,0.6744186046511628,0.8529411764705882,0.9999965682270775,0.7532467532467533,0.9264688723488328,1.2352838236151953,0.44117279414828403,0.0009999937493228434,2
QUANT,0.0,15,6.460129089487561,1.4941176470588236,0.8285714285714286,0.8529411764705882,0.9999985292401761,0.8405797101449275,0.9264698528553821,0.5294073529779408,0.44117279414828403,0.000999996037152391,2
Ensemble-All,,15,0.007284589887907107,2.2649999999999997,0.8529411764705882,0.8529411764705882,0.9999987743668134,0.8529411764705882,0.9264699754187008,0.44117279414828403,0.44117279414828403,0.0009999963231310843,2
Ensemble-tabular,,15,0.011830865405499935,4.000294117647059,0.896551724137931,0.7647058823529411,0.999999264620088,0.8253968253968254,0.8823525734865145,0.2647036764889704,0.7058764706372544,0.000999995546903202,2
Ensemble-ts,,15,0.018873418991764385,2.7108823529411765,0.49056603773584906,0.7647058823529411,0.9999933815807923,0.5977011494252874,0.8823496319668667,2.382333088400734,0.7058764706372544,0.0009999886834145596,2
LogisticCV,0.0,15,0.1919834156541308,-0.5555555555555556,0.4666666666666667,0.7777777777777778,0.9999925917282942,0.5833333333333334,0.888885184753036,2.666644444629628,0.666661111157407,0.0009999879616588094,3
RandomForest,0.0,15,0.2072166906091574,1.3333333333333333,0.5333333333333333,0.8888888888888888,0.9999935177622574,0.6666666666666666,0.9444412033255731,2.3333138890509244,0.3333305555787035,0.0009999907397375456,3
ExtraTrees,0.0,15,0.2050846281569344,6.0,0.5,0.6666666666666666,0.9999944437962207,0.5714285714285714,0.8333305552314436,1.999983333472221,0.9999916667361105,0.000999988424671932,3
Rocket,0.0,15,16.169630513563536,-3.4444444444444446,0.4375,0.7777777777777778,0.999991665694331,0.56,0.8888847217360544,2.9999750002083316,0.666661111157407,0.0009999868812948563,3
Catch22,0.0,15,32.450728289733284,-8.88888888888889,0.5833333333333334,0.7777777777777778,0.9999953698301839,0.6666666666666666,0.8888865738039808,1.6666527778935176,0.666661111157407,0.0009999912027506685,3
QUANT,0.0,15,6.095007154938025,1.3333333333333333,0.8,0.8888888888888888,0.9999981479320735,0.8421052631578947,0.9444435184104811,0.666661111157407,0.3333305555787035,0.0009999961415573108,3
Ensemble-All,,15,0.002283751033246517,-1.6666666666666667,0.8181818181818182,1.0,0.9999981479320735,0.9,0.9999990739660367,0.666661111157407,0.0,0.000999997839272094,3
Ensemble-tabular,,15,0.0040763116752107935,6.0,0.5454545454545454,0.6666666666666666,0.9999953698301839,0.6,0.8333310182484253,1.6666527778935176,0.9999916667361105,0.000999989505035885,3
Ensemble-ts,,15,0.004937615556021531,-1.1111111111111112,0.42857142857142855,0.6666666666666666,0.9999925917282942,0.5217391304347826,0.8333296291974804,2.666644444629628,0.9999916667361105,0.0009999862639440262,3
LogisticCV,0.0,15,0.18889388982773286,0.6,0.7647058823529411,0.8666666666666667,0.9999977775184883,0.8125,0.9333322220925775,0.7999933333888885,0.3999966666944442,0.0009999953698687728,4
RandomForest,0.0,15,0.2035608812248342,-0.12866666666666665,0.631578947368421,0.8,0.9999961106573545,0.7058823529411765,0.8999980553286773,1.399988333430555,0.5999950000416664,0.0009999924065847874,4
ExtraTrees,0.0,15,0.20053299050266699,4.6,0.6470588235294118,0.7333333333333333,0.9999966662777324,0.6875,0.8666649998055329,1.1999900000833328,0.7999933333888885,0.0009999920361742894,4
Rocket,0.0,15,15.444169354025593,-9.395333333333333,0.5185185185185185,0.9333333333333333,0.9999927769350869,0.6666666666666666,0.9666630551342101,2.5999783335138877,0.1999983333472221,0.0009999905545322965,4
Catch22,0.0,15,25.291998222809408,-3.862,0.625,1.0,0.9999949994165986,0.7692307692307693,0.9999974997082993,1.799985000124999,0.0,0.0009999941660346538,4
QUANT,0.0,15,6.397084730231617,1.338,0.8125,0.8666666666666667,0.9999983331388662,0.8387096774193549,0.9333324999027665,0.5999950000416664,0.3999966666944442,0.0009999960180871446,4
Ensemble-All,,15,0.0037026318411032357,0.27133333333333337,0.8235294117647058,0.9333333333333333,0.9999983331388662,0.875,0.9666658332360998,0.5999950000416664,0.1999983333472221,0.0009999970367160146,4
Ensemble-tabular,,15,0.00679241307079792,3.1333333333333333,0.6666666666666666,0.8,0.9999966662777324,0.7272727272727273,0.8999983331388662,1.1999900000833328,0.5999950000416664,0.0009999930548031592,4
Ensemble-ts,,15,0.00870197732001543,-10.128666666666668,0.625,1.0,0.9999949994165986,0.7692307692307693,0.9999974997082993,1.799985000124999,0.0,0.0009999941660346538,4
LogisticCV,0.0,15,0.1913967617740228,6.405405405405405,0.5384615384615384,0.5675675675675675,0.9999959236222693,0.5526315789473685,0.7837817455949184,1.4673115591543937,1.3042769414705722,0.0009999886013355613,5
RandomForest,0.0,15,0.20111637370513097,0.36,0.574468085106383,0.7297297297297297,0.9999954706914103,0.6428571428571429,0.8648626002105699,1.6303461768382153,0.8151730884191076,0.0009999905640195044,5
ExtraTrees,0.0,15,0.20089980980837627,2.4594594594594597,0.75,0.7297297297297297,0.9999979618111347,0.7397260273972602,0.8648638457704322,0.7336557795771969,0.8151730884191076,0.000999993470301497,5
Rocket,0.0,15,15.714327519302026,-6.741621621621621,0.4189189189189189,0.8378378378378378,0.9999902619865321,0.5585585585585585,0.918914049912185,3.505244280202163,0.4891038530514646,0.000999986147980632,5
Catch22,0.0,15,21.45074908652399,2.1772972972972973,0.3614457831325301,0.8108108108108109,0.9999879973322372,0.5,0.9053994040715241,4.32041736862127,0.5706211618933754,0.0009999830907229518,5
QUANT,0.0,15,6.507577347800694,0.32783783783783793,0.7209302325581395,0.8378378378378378,0.9999972824148462,0.775,0.918917560126342,0.9782077061029292,0.4891038530514646,0.0009999943384117024,5
Ensemble-All,,15,0.008503127377480268,-0.3967567567567569,0.6904761904761905,0.7837837837837838,0.9999970559494167,0.7341772151898734,0.8918904198666002,1.05972501494484,0.6521384707352861,0.0009999932438379648,5
Ensemble-tabular,,15,0.015345204000671705,4.5675675675675675,0.6341463414634146,0.7027027027027027,0.9999966030185578,0.6666666666666666,0.8513496528606302,1.2227596326286616,0.8966903972610184,0.0009999914698736317,5
Ensemble-ts,,15,0.024149165178338688,-6.498378378378378,0.4782608695652174,0.8918918918918919,0.9999918472445385,0.6226415094339622,0.9459418695682151,2.9346231183087874,0.32606923536764304,0.000999988827799093,5
LogisticCV,0.0,30,1.0646833395124409,-2.4545454545454546,0.7391304347826086,0.7727272727272727,0.9999977267233521,0.7555555555555555,0.8863624997253123,0.8181750000568178,0.6818125000473482,0.0009999938748334208,1
RandomForest,0.0,30,1.2237072065742909,2.409090909090909,0.7307692307692307,0.8636363636363636,0.9999973478439108,0.7916666666666666,0.9318168557401372,0.9545375000662873,0.4090875000284089,0.0009999948220241288,1
ExtraTrees,0.0,30,1.1388119347604866,-1.0,0.88,1.0,0.9999988633616761,0.9361702127659575,0.999999431680838,0.4090875000284089,0.0,0.0009999986739330086,1
Rocket,0.0,30,30.372715751973995,-14.5,0.42,0.9545454545454546,0.9999890124962018,0.5833333333333334,0.9772672335208281,3.9545125002746193,0.13636250000946962,0.000999986486745897,1
Catch22,0.0,30,48.30551866539829,-17.181818181818183,0.4,0.9090909090909091,0.9999886336167604,0.5555555555555556,0.9545397713538347,4.090875000284089,0.27272500001893923,0.0009999853501170477,1
QUANT,0.0,30,9.404867089952809,0.6818181818181818,0.8333333333333334,0.9090909090909091,0.9999984844822347,0.8695652173913043,0.9545446967865718,0.5454500000378785,0.27272500001893923,0.0009999968426976397,1
Ensemble-All,,30,0.008106780393670002,-0.5454545454545454,0.7586206896551724,1.0,0.9999973478439108,0.8627450980392157,0.9999986739219554,0.9545375000662873,0.0,0.000999996905843687,1
Ensemble-tabular,,30,0.012619683208564917,1.0,0.8260869565217391,0.8636363636363636,0.9999984844822347,0.8444444444444444,0.9318174240592991,0.5454500000378785,0.4090875000284089,0.0009999961480911203,1
Ensemble-ts,,30,0.022045727198322613,-15.954545454545455,0.4888888888888889,1.0,0.9999912857728497,0.6567164179104478,0.9999956428864248,3.1363375002178016,0.0,0.0009999898334863992,1
LogisticCV,0.0,30,0.32660782475417754,2.117941176470588,0.8275862068965517,0.7058823529411765,0.9999987742135722,0.7619047619047619,0.8529405635773744,0.44117279414828403,0.8823455882965681,0.0009999940754149823,2
RandomForest,0.0,30,0.31505887827497747,3.5885294117647057,0.8709677419354839,0.7941176470588235,0.9999990193708578,0.8307692307692308,0.8970583332148406,0.3529382353186272,0.6176419118075976,0.0009999957097832632,2
ExtraTrees,0.0,30,0.3073020996283975,3.5885294117647057,0.9,0.7941176470588235,0.9999992645281434,0.84375,0.8970584557934834,0.2647036764889704,0.6176419118075976,0.0009999959957977121,2
Rocket,0.0,30,30.850143209047868,-21.573529411764707,0.4411764705882353,0.8823529411764706,0.9999906840231487,0.5882352941176471,0.9411718125998096,3.3529132355269584,0.3529382353186272,0.0009999873336458244,2
Catch22,0.0,30,42.93172188041518,-3.0738235294117646,0.631578947368421,0.7058823529411765,0.9999965677980022,0.6666666666666666,0.8529394603695893,1.2352838236151953,0.8823455882965681,0.0009999915012849402,2
QUANT,0.0,30,8.3271745660811,-3.7794117647058822,0.8461538461538461,0.9705882352941176,0.9999985290562866,0.9041095890410958,0.9852933821752021,0.5294073529779408,0.0882345588296568,0.000999997834462028,2
Ensemble-All,,30,0.009473604615777731,-0.6958823529411766,0.90625,0.8529411764705882,0.9999992645281434,0.8787878787878788,0.9264702204993658,0.2647036764889704,0.44117279414828403,0.0009999968947002667,2
Ensemble-tabular,,30,0.01591039076447487,4.059117647058823,0.8928571428571429,0.7352941176470589,0.9999992645281434,0.8064516129032258,0.8676466910876011,0.2647036764889704,0.7941110294669113,0.000999995096895158,2
Ensemble-ts,,30,0.028841200284659863,-15.161764705882353,0.5172413793103449,0.8823529411764706,0.9999931355960043,0.6521739130434783,0.9411730383862374,2.4705676472303906,0.3529382353186272,0.0009999901937903157,2
LogisticCV,0.0,30,0.4114074773010834,-9.0,0.5384615384615384,0.7777777777777778,0.9999944431015273,0.6363636363636364,0.8888861104396526,1.999983333472221,0.666661111157407,0.0009999901211517255,3
RandomForest,0.0,30,0.31883406736607095,1.3333333333333333,0.6153846153846154,0.8888888888888888,0.9999953692512727,0.7272727272727273,0.9444421290700808,1.6666527778935176,0.3333305555787035,0.0009999928995778028,3
ExtraTrees,0.0,30,0.3133913256224845,3.6666666666666665,0.5833333333333334,0.7777777777777778,0.9999953692512727,0.6666666666666666,0.8888865735145253,1.6666527778935176,0.666661111157407,0.0009999912016507555,3
Rocket,0.0,30,28.94452906992998,-12.0,0.5294117647058824,1.0,0.9999925908020364,0.6923076923076923,0.9999962954010182,2.666644444629628,0.0,0.00099999135600776,3
Catch22,0.0,30,62.275516143106046,-12.0,0.3157894736842105,0.6666666666666666,0.9999879600533091,0.42857142857142855,0.8333273133599879,4.333297222523146,0.9999916667361105,0.0009999808597314682,3
QUANT,0.0,30,8.716350566189286,-5.888888888888889,0.7272727272727273,0.8888888888888888,0.9999972215507636,0.8,0.9444430552198262,0.9999916667361105,0.3333305555787035,0.0009999950605758627,3
Ensemble-All,,30,0.00340147673462828,-2.111111111111111,0.75,1.0,0.9999972215507636,0.8571428571428571,0.9999986107753818,0.9999916667361105,0.0,0.00099999675850291,3
Ensemble-tabular,,30,0.007201539973417918,-0.5555555555555556,0.5714285714285714,0.8888888888888888,0.9999944431015273,0.6956521739130435,0.9444416659952081,1.999983333472221,0.3333305555787035,0.0009999918190787727,3
Ensemble-ts,,30,0.007217216615875562,-7.222222222222222,0.5714285714285714,0.8888888888888888,0.9999944431015273,0.6956521739130435,0.9444416659952081,1.999983333472221,0.3333305555787035,0.0009999918190787727,3
LogisticCV,0.0,30,0.3250383735171619,4.4,0.631578947368421,0.8,0.9999961101710692,0.7058823529411765,0.8999980550855347,1.399988333430555,0.5999950000416664,0.0009999924056353889,4
RandomForest,0.0,30,0.3186121191791311,-3.6620000000000004,0.7,0.9333333333333333,0.9999966658609164,0.8,0.9666649995971248,1.1999900000833328,0.1999983333472221,0.0009999950914472637,4
ExtraTrees,0.0,30,0.3135549058955325,6.266666666666667,0.75,0.8,0.9999977772406109,0.7741935483870968,0.8999988886203054,0.7999933333888885,0.5999950000416664,0.000999994350533643,4
Rocket,0.0,30,30.70576073866071,-29.262,0.5,0.9333333333333333,0.9999922203421382,0.6511627906976745,0.9666627768377358,2.79997666686111,0.1999983333472221,0.0009999899050519196,4
Catch22,0.0,30,50.09717638733524,-15.4,0.6666666666666666,0.9333333333333333,0.9999961101710692,0.7777777777777778,0.9666647217522013,1.399988333430555,0.1999983333472221,0.0009999944431478456,4
QUANT,0.0,30,8.66728103185064,1.2713333333333334,0.8666666666666667,0.8666666666666667,0.9999988886203055,0.8666666666666667,0.9333327776434861,0.3999966666944442,0.3999966666944442,0.0009999966658887074,4
Ensemble-All,,30,0.00544669075558583,-3.9953333333333334,0.7894736842105263,1.0,0.9999977772406109,0.8823529411764706,0.9999988886203055,0.7999933333888885,0.0,0.0009999974068023278,4
Ensemble-tabular,,30,0.008721374285717806,3.0,0.8125,0.8666666666666667,0.9999983329304581,0.8387096774193549,0.9333324997985624,0.5999950000416664,0.3999966666944442,0.0009999960175892894,4
Ensemble-ts,,30,0.01308701653033495,-29.262,0.5769230769230769,1.0,0.99999388741168,0.7317073170731707,0.99999694370584,2.1999816668194434,0.0,0.0009999928687064018,4
LogisticCV,0.0,30,0.31814330004546937,-2.9372972972972975,0.5434782608695652,0.6756756756756757,0.9999952436281604,0.6024096385542169,0.837835459651918,1.711863485680126,0.9782077061029292,0.000999989468122044,5
RandomForest,0.0,30,0.30912076383343945,-2.36972972972973,0.6190476190476191,0.7027027027027027,0.999996376097646,0.6582278481012658,0.8513495394001744,1.3042769414705722,0.8966903972610184,0.0009999912045607032,5
ExtraTrees,0.0,30,0.3060174956869638,4.0,0.7222222222222222,0.7027027027027027,0.9999977350610287,0.7123287671232876,0.8513502188818658,0.8151730884191076,0.8966903972610184,0.0009999927900046965,5
Rocket,0.0,30,30.68960024232395,-14.336216216216219,0.4246575342465753,0.8378378378378378,0.9999904872563209,0.5636363636363636,0.9189141625470794,3.423726971360252,0.4891038530514646,0.0009999864104800566,5
Catch22,0.0,30,51.90749256445035,-14.89864864864865,0.35802469135802467,0.7837837837837838,0.9999882223173496,0.4915254237288136,0.8918860030505666,4.23890005977936,0.6521384707352861,0.0009999829376027376,5
QUANT,0.0,30,8.436709574338982,-0.3581081081081081,0.6170212765957447,0.7837837837837838,0.9999959231098519,0.6904761904761905,0.8918898534468178,1.4673115591543937,0.6521384707352861,0.000999991921785367,5
Ensemble-All,,30,0.013001604471355677,-1.7905405405405406,0.625,0.8108108108108109,0.9999959231098519,0.7058823529411765,0.9054033669603314,1.4673115591543937,0.5706211618933754,0.0009999923370206986,5
Ensemble-tabular,,30,0.023077414371073246,3.170810810810811,0.5777777777777777,0.7027027027027027,0.9999956966159547,0.6341463414634146,0.8513491996593288,1.5488288679963045,0.8966903972610184,0.0009999904118387064,5
Ensemble-ts,,30,0.032770548636714615,-11.39027027027027,0.484375,0.8378378378378378,0.999992525701395,0.6138613861386139,0.9189151817696164,2.6900711917830553,0.4891038530514646,0.0009999887886460467,5
LogisticCV,0.0,60,2.0567126542764647,3.5,0.8,0.7272727272727273,0.9999984841031689,0.7619047619047619,0.8636356056879482,0.5454500000378785,0.8181750000568178,0.0009999940627869127,1
RandomForest,0.0,60,2.050195301921817,1.4545454545454546,0.7692307692307693,0.9090909090909091,0.9999977261547534,0.8333333333333334,0.9545443176228312,0.8181750000568178,0.27272500001893923,0.0009999959576421533,1
ExtraTrees,0.0,60,2.0492450673066105,-1.0454545454545454,0.9166666666666666,1.0,0.9999992420515844,0.9565217391304348,0.9999996210257922,0.27272500001893923,0.0,0.000999999115734221,1
Rocket,0.0,60,59.497044025842484,-53.45454545454545,0.3958333333333333,0.8636363636363636,0.9999890097479746,0.5428571428571428,0.9318126866921691,3.9545125002746193,0.4090875000284089,0.0009999850938054403,1
Catch22,0.0,60,120.01868290553317,-43.27272727272727,0.4523809523809524,0.8636363636363636,0.9999912835932212,0.59375,0.9318138236147924,3.1363375002178016,0.4090875000284089,0.0009999877466027771,1
QUANT,0.0,60,11.97661638814929,0.5909090909090909,0.8333333333333334,0.9090909090909091,0.9999984841031689,0.8695652173913043,0.954544696597039,0.5454500000378785,0.27272500001893923,0.0009999968419079324,1
Ensemble-All,,60,0.012194075776884953,-2.0,0.7096774193548387,1.0,0.9999965892321301,0.8301886792452831,0.999998294616065,1.2272625000852266,0.0,0.0009999960208039946,1
Ensemble-tabular,,60,0.01752552855759859,1.8636363636363635,0.9047619047619048,0.8636363636363636,0.9999992420515844,0.8837209302325582,0.9318178028439741,0.27272500001893923,0.4090875000284089,0.0009999970313934563,1
Ensemble-ts,,60,0.03179384178171555,-48.5,0.4444444444444444,0.9090909090909091,0.9999905256448056,0.5970149253731343,0.9545407173678573,3.4090625002367405,0.27272500001893923,0.0009999875571172533,1
LogisticCV,0.0,60,0.5300644805294971,1.2649999999999997,0.8888888888888888,0.7058823529411765,0.999999264344185,0.7868852459016393,0.8529408086426807,0.2647036764889704,0.8823455882965681,0.0009999946461050945,2
RandomForest,0.0,60,0.5559651124624859,1.2941176470588236,0.8888888888888888,0.7058823529411765,0.999999264344185,0.7868852459016393,0.8529408086426807,0.2647036764889704,0.8823455882965681,0.0009999946461050945,2
ExtraTrees,0.0,60,0.4966093734407444,2.853235294117647,0.8928571428571429,0.7352941176470589,0.999999264344185,0.8064516129032258,0.867646690995622,0.2647036764889704,0.7941110294669113,0.000999995095668789,2
Rocket,0.0,60,56.09353954335361,-40.0735294117647,0.46153846153846156,0.8823529411764706,0.9999914173488239,0.6060606060606061,0.9411721792626473,3.0882095590379883,0.3529382353186272,0.0009999881887356667,2
Catch22,0.0,60,114.0375577072144,-38.13264705882353,0.6590909090909091,0.8529411764705882,0.9999963217209246,0.7435897435897436,0.9264687490957564,1.323518382444852,0.44117279414828403,0.0009999934608917187,2
QUANT,0.0,60,10.890063877660362,-1.0647058823529412,0.8484848484848485,0.8235294117647058,0.9999987739069749,0.835820895522388,0.9117640928358404,0.44117279414828403,0.5294073529779408,0.0009999958721878973,2
Ensemble-All,,60,0.014160746708512306,0.4744117647058822,0.9117647058823529,0.9117647058823529,0.999999264344185,0.9117647058823529,0.9558819851132689,0.2647036764889704,0.2647036764889704,0.000999997793050955,2
Ensemble-tabular,,60,0.021288850344717503,2.1767647058823525,0.8846153846153846,0.6764705882352942,0.999999264344185,0.7666666666666667,0.8382349262897395,0.2647036764889704,0.9705801471262249,0.0009999941965414003,2
Ensemble-ts,,60,0.04798702957729498,-34.86764705882353,0.5076923076923077,0.9705882352941176,0.9999921530046391,0.6666666666666666,0.9852901941493784,2.823505882549018,0.0882345588296568,0.0009999903956847116,2
LogisticCV,0.0,60,0.513556845514469,-27.77777777777778,0.5714285714285714,0.8888888888888888,0.9999944417116193,0.6956521739130435,0.9444416653002541,1.999983333472221,0.3333305555787035,0.0009999918170325534,3
RandomForest,0.0,60,0.5250193854574413,-12.333333333333334,1.0,0.8888888888888888,1.0,0.9411764705882353,0.9444444444444444,0.0,0.3333305555787035,0.0009999983016482658,3
ExtraTrees,0.0,60,0.493749283328907,-12.333333333333334,0.6666666666666666,0.8888888888888888,0.9999962944744129,0.7619047619047619,0.9444425916816508,1.333322222314814,0.3333305555787035,0.0009999939785711241,3
Rocket,0.0,60,57.21320847089594,-23.444444444444443,0.6,0.6666666666666666,0.9999962944744129,0.631578947368421,0.8333314805705397,1.333322222314814,0.9999916667361105,0.0009999905818676557,3
Catch22,0.0,60,136.32846668311885,-76.66666666666667,0.5833333333333334,0.7777777777777778,0.9999953680930161,0.6666666666666666,0.888886572935397,1.6666527778935176,0.666661111157407,0.0009999911994501046,3
QUANT,0.0,60,10.32701933120657,-3.6666666666666665,0.5833333333333334,0.7777777777777778,0.9999953680930161,0.6666666666666666,0.888886572935397,1.6666527778935176,0.666661111157407,0.0009999911994501046,3
Ensemble-All,,60,0.004531377150366704,-10.666666666666666,0.7272727272727273,0.8888888888888888,0.9999972208558097,0.8,0.9444430548723493,0.9999916667361105,0.3333305555787035,0.0009999950593404096,3
Ensemble-tabular,,60,0.010008038332064947,-16.333333333333332,0.6923076923076923,1.0,0.9999962944744129,0.8181818181818182,0.9999981472372064,1.333322222314814,0.0,0.0009999956769228583,3
Ensemble-ts,,60,0.007812807026008764,-23.444444444444443,0.6,0.6666666666666666,0.9999962944744129,0.631578947368421,0.8333314805705397,1.333322222314814,0.9999916667361105,0.0009999905818676557,3
LogisticCV,0.0,60,0.5183729048300818,7.671333333333333,0.7222222222222222,0.8666666666666667,0.9999972208558097,0.7878787878787878,0.9333319437612382,0.9999916667361106,0.3999966666944442,0.0009999947196700628,4
RandomForest,0.0,60,0.5097822251949847,-3.1953333333333336,0.7368421052631579,0.9333333333333333,0.9999972208558097,0.8235294117647058,0.9666652770945715,0.9999916667361106,0.1999983333472221,0.0009999957386811033,4
ExtraTrees,0.0,60,0.49069459281571687,2.3333333333333335,0.6666666666666666,0.8,0.9999966650269716,0.7272727272727273,0.8999983325134858,1.1999900000833328,0.5999950000416664,0.000999993052197451,4
Rocket,0.0,60,56.22454347313592,-39.72866666666667,0.5769230769230769,1.0,0.9999938858827813,0.7317073170731707,0.9999969429413906,2.1999816668194434,0.0,0.0009999928669227165,4
Catch22,0.0,60,121.0699664137541,-22.4,0.5714285714285714,0.8,0.9999949975404574,0.6666666666666666,0.8999974987702287,1.799985000124999,0.5999950000416664,0.0009999911068127372,4
QUANT,0.0,60,11.145652767838397,-0.06199999999999998,0.9230769230769231,0.8,0.9999994441711619,0.8571428571428571,0.899999722085581,0.1999983333472221,0.5999950000416664,0.0009999962945053073,4
Ensemble-All,,60,0.007758857061465581,-4.328666666666667,0.7894736842105263,1.0,0.9999977766846477,0.8823529411764706,0.9999988883423239,0.7999933333888885,0.0,0.000999997406153715,4
Ensemble-tabular,,60,0.013161732815206051,1.8,0.7058823529411765,0.8,0.9999972208558097,0.75,0.8999986104279049,0.9999916667361106,0.5999950000416664,0.0009999937006590224,4
Ensemble-ts,,60,0.01809119215855996,-38.595333333333336,0.625,1.0,0.9999949975404574,0.7692307692307693,0.9999974987702287,1.799985000124999,0.0,0.000999994163845859,4
LogisticCV,0.0,60,0.5018537314362153,-1.2213513513513512,0.6571428571428571,0.6216216216216216,0.9999972813897535,0.6388888888888888,0.8108094515056876,0.9782077061029292,1.1412423237867508,0.0009999910135581242,5
RandomForest,0.0,60,0.5019688211414863,-7.201081081081081,0.75,0.8108108108108109,0.9999977344914613,0.7792207792207793,0.9054042726511361,0.8151730884191076,0.5706211618933754,0.000999994449550606,5
ExtraTrees,0.0,60,0.48966474531087106,-5.263783783783784,0.8378378378378378,0.8378378378378378,0.9999986406948768,0.8378378378378378,0.9189182392663573,0.4891038530514646,0.4891038530514646,0.0009999959221188128,5
Rocket,0.0,60,57.23342438684953,-27.113243243243243,0.4838709677419355,0.8108108108108109,0.9999927503726762,0.6060606060606061,0.9054017805917436,2.6085538829411443,0.5706211618933754,0.0009999886347940984,5
Catch22,0.0,60,123.77411202542822,-29.194324324324327,0.417910447761194,0.7567567567567568,0.9999911645166991,0.5384615384615384,0.878373960636728,3.17917504483452,0.7336557795771969,0.0009999859539647992,5
QUANT,0.0,60,10.9549145657862,1.4272972972972973,0.7,0.7567567567567568,0.9999972813897535,0.7272727272727273,0.8783770190732552,0.9782077061029292,0.7336557795771969,0.000999993090256877,5
Ensemble-All,,60,0.016549691402663786,-0.6808108108108107,0.75,0.8108108108108109,0.9999977344914613,0.7792207792207793,0.9054042726511361,0.8151730884191076,0.5706211618933754,0.000999994449550606,5
Ensemble-tabular,,60,0.02923572746415933,1.706216216216216,0.7027027027027027,0.7027027027027027,0.9999975079406074,0.7027027027027027,0.851350105321655,0.8966903972610184,0.8966903972610184,0.00099999252388449,5
Ensemble-ts,,60,0.042217773385345936,-21.734864864864868,0.5263157894736842,0.8108108108108109,0.9999938831269455,0.6382978723404256,0.9054023469688781,2.2009673387315907,0.5706211618933754,0.0009999899563296684,5
